,,paragraphs,pre
104,1,Is that woman a complete fruit-loop or is it just me?,38
687,0,Is that all that interests youGold?,38
941,0,Is that the man I knewTreasurer Sanchez?,38
1169,0,Is that all there is?,38
1429,0,What is that?,38
1945,1,Heywhat kind of talk is that?,38
2518,0,Is that the usual way priests go on vacation?,38
2678,0,Is that all?,38
2856,0,Is that better?,38
2960,1,What the fuck!,17
3036,0,Is that him?,38
3091,1,What the fuck do you want from me?,17
3103,1,What the fuck am I gonna protect that freak forHe was Dino's boynot mineHe shows up with his mask onleaves with his mask onNobody knows.,17
3119,1,What the fuck are you?,17
4166,1,What the fuck you telling meWadeI never seen the guy get shotI told you that.,17
4172,1,Who the fuck knowsMusta slipped or somethingI just heard the gun go off.,17
4759,0,TONMrPresidentit's an honorNow with your permission can we lead you the fuck out of here.,17
6067,1,Well that's greatThat's just fucking greatmanNow what the fuck are we supposed to domanWe're in some real pretty shit now!,17
6069,0,Let's get the fuck out of here!,17
6117,0,All rightwe can't blow the fuck out of them...why not roll some canisters of CN-20 down thereNerve gas the whole nest?,17
7023,1,How is that possibleYou give concertsdon't youI hear they are quite successful.,38
7457,0,How is that?,38
7665,1,Get the fuck out of hereJack.,17
7682,0,Oh shitWhat is that?,38
7693,0,ShitDavidwhat is that?,38
7753,0,We've known Debbie whatsince the eighth gradeHow many years of foreplay is that?,38
8024,0,SONWhatever it is that makes you such a riot with women.,38
8981,0,What is that?,38
9014,1,What the hell is that sound?,38
9016,0,What is that?,38
9098,0,Is that Donald Trump's car?,38
9416,0,Is that the Ransom fileThanksDon't wear that outfit again.,38
9691,0,Is that a raincoat?,38
10152,0,Is that myscenarioTell me.,38
10216,0,Is that how Larry feels?,38
10240,0,Can we buy into their IPOOr is that a Justice Deptproblem?,38
10960,1,Is that all?,38
10993,1,Is that what you think?,38
11014,1,Is that written in his shoe?,38
11545,0,Is that all the coke in the place?,38
11671,1,What the hell is that?,38
11717,1,You stupid son of a bitchWhat the fuck are you doing!,17
11723,1,What the fuck were you thinkinghuhBurning peopleYou're a fireman.,17
11994,1,Who the fuck is doing this?,17
12348,1,What the fuck are youA drug counselor or a drug dealerAnd you don't even do your own productWhat kind of businessman are you?,17
12750,0,Is that so?,38
12838,1,What point is that?,38
13485,1,Fuckwhat the fuck is going on --,17
13494,1,Shut the fuck upyou fucking faggotYou just shut the FUCK UP.,17
13501,1,HeyIHoly fuckholy fuckwhat the fuck did you guys do?,17
13509,1,Holy fuckHoly fuckwhat the fuck did you guys do?,17
13582,1,Is that what I didnowAnd of courseyou can prove all of it.,38
13609,1,What the fuck is going on?,17
13675,1,Robertowhat the fuck?,17
13930,1,Why the fuck wasn't he in restraints?,17
13964,0,What is that?,38
14082,1,The fuck are you talking about --,17
14090,1,Shut the fuck upHe was gonna cut him loose.,17
14092,1,What the fuck are you doing?,17
14097,1,What the fuck happened to you --,17
14540,0,Is that DrBennett's car?,38
14897,1,Is that everything?,38
15017,1,The fuck you laughinat?,17
15193,0,I've saved ya lifegalI can do and say whatever the fuck I want.,17
15206,1,The fuck you been dointo me?,17
15275,1,The fuck are all these people doinhereBeen drinkinin this shit hole for years ain't seen this many people since I don't know...,17
16078,1,What the fuck for?,17
16373,1,Is that what you call it?,38
16636,0,Wellthat changes everythingGet the fuck away from meI mean it!!,17
16687,0,Is that a birthday cake?!,38
17590,1,From the neighborhoodShut the fuck upYou like telephonesHuhYou wanta go for a ride?,17
18022,0,I know what the fuck he looks like!,17
18025,1,Who the fuck was heRoccoI know you fuckinknow!,17
18035,1,What the fuck are you doing?,17
18070,1,What the fuck are you doing hereWhathuhWHATWHATWHATANSWERSI WANT FUCKINANSWERS!,17
18099,1,Is that worthless brother of your thereI want you both ta hear this.,38
18155,0,Then what the fuck?,17
18174,1,Where the fuck are you going?,17
18181,0,Is that rightRambo?,38
18328,1,Chiefwhat the fuck is this?,17
18331,1,Detective GreenlyWho the fuck are you?,17
18353,1,What the fuck do you mean?,17
18372,1,Hurry the fuck up!,17
18445,1,Shut upShut the fuck up!,17
18466,1,Gimme the fuckinthingNow sit the fuck down!,17
18540,1,Who did thatWhat the fuck is that?,17
18585,1,What the fuck are we doing out here?,17
18624,1,You gave $383 to the goddamn housekeeperWhat the fuck is your problem?,17
18715,1,What the fuck is going on here?,17
18781,0,Is that the manager?,38
18971,0,Is that OK?,38
18990,1,What the fuck is Dignan doing with that copHe loves them.,17
19093,1,Jesus ChristWhat the fuck is that?,17
19099,1,Who's watching the doorWhat the fuck are you doingGet back in position.,17
19185,1,What the fuck possessed you?,17
19367,1,Is that your chiquita?,38
19727,1,And why is that?,38
19803,0,The crown is that of ScotlandAnd Scotland is William Wallace.,38
20200,1,What the fuck are you doing?,17
21175,0,Is that a serious offer?,38
21476,0,Is that Jango?,38
21868,0,Ah-haSo what is that--a radio?,38
21942,0,EHow is that Wally doing?,38
22007,0,Is that soon?,38
22381,0,Is that what it wasJakeWas it love?,38
22957,0,Is that your idea of arithmetic?,38
23294,1,I don't get youEven if it was truewhich it isn'twhat the fuck difference would it make to you?,17
23300,1,What the fuck are you talking about?,17
24268,1,What the hell is that?,38
24328,1,EWhat the hell is that supposed to mean?,38
24370,1,Okayshut the fuck upLexNowthenstep number onewe find us a scalperI gottwenty-five.,17
24381,1,What the fuck!,17
24577,1,LookI want to livebut I don't know where the fuck I'm gonna find two hundred bucks.,17
24702,0,Is that a cellar door?,38
24781,1,Why is that?,38
24900,1,MANHow is that possible?,38
25453,1,Is that all?,38
26387,0,Is THAT Odin?,38
27747,1,ShitDo not do thatWhere the fuck are you?,17
27824,1,Is that an offer?,38
27992,0,Then who the fuck are you?,17
28017,1,"The ""Other Placewhat is that...?",38
28149,0,What is that?,38
28243,1,Yeswe can see some kind of mistWhat is that?,38
28279,1,What the hell is that?,38
28580,1,"Is that what you call it""Real""?",38
28599,1,What is that thing?,38
28987,1,Sensitivewhat is that?,38
29097,1,What the fuck is this guy doing?,17
29684,1,What the fuck are we doing out hereSomebody call the policeWe need help!,17
29754,1,What the fuck are you doing he's in there!,17
30099,1,Oh my GodWhat is that?,38
30543,1,Is that why you did it?,38
30654,0,...Is that not true?,38
30849,1,What is that to youEvil as you are.,38
31061,1,Is that your diagnosis?,38
31578,1,Just listen to daddysugarand don't do nothinstupidYou twoSimon says sit the fuck down!,17
31803,1,What the fuck is she dointhere?!,17
31805,1,What'd ya meanwhatThe fuckinwomanthe hostageWhere the fuck is sheRichard!?,17
31819,1,ShitI started to get worriedWhere the fuck ya been?,17
31850,1,What the fuck is wrong with you --,17
31852,1,What the fuck was that about?,17
32994,1,What IS that thingIt serves no useful purpose to have a bunch of CHOPPY CRUSHY things in the middle of a CATWALK!?.',38
33062,1,This isn't mineWaitwhere is that kid?...,38
33140,0,MathesarWhat is that?,38
33345,0,TONWho is that!?,38
33395,0,TONAnd is that the most horrible thing in the world?,38
33629,1,Is that the truthWellwe can't carry on like animals any longer.,38
33900,1,I can hear youbut where the fuck are youman?,17
33950,1,Who the fuck are you?,17
33978,1,Who the fuck is MomoJesusthese fucking names...,17
33993,1,Get the fuck outta my chair.,17
34221,1,KarenWhat the fuck are you doing?!,17
34598,1,What the fuck?,17
34641,1,Why notWhy the fuck not?,17
35786,1,What is that?,38
35863,0,So is that your boyfriend?,38
35990,1,What the fuck is she doingShe was supposed to be here three hours ago!,17
36932,1,Is that your professional opinion?,38
37671,0,Is that soYou might marry me?,38
37749,0,Is that him over there?,38
39011,0,Is that for me?,38
39385,1,GWhere is that girlshe was working with himshe enticed me into her room.,38
39510,1,What the fuck are you doin with a son?,17
39914,1,Is that right?,38
40091,1,What the fuck are you talking about?,17
40345,1,What the fuck are you doing letting strangers in without --,17
40433,1,What is that?,38
41290,1,"AFFor saying ""shitOr is that okay now?",38
41553,1,What kind of a life is that?,38
41614,0,Is that a fact?,38
42036,0,Who the fuck knowsThe Four AcesHe goes there.,17
42409,0,What is that he's working on?,38
42625,0,TRISTAnd why is that?,38
43132,1,Stay the fuck away from me.,17
43472,1,Get the fuck out of here.,17
43640,1,What the fuck is that?,17
43675,1,What the fuck is that?,17
43681,1,Shut the fuck upBarry.,17
43813,1,Holy ShiiteWhat the fuck's this?,17
43836,0,Surebut is that it for the list?,38
43838,1,Is that it?,38
44112,1,Who the fuck's Pig?,17
44153,1,Is that the last of it?,38
44259,1,Is that rightI'd like a word with him.,38
44518,1,Is that a threat?,38
45494,0,Can I call the Mayor a bird of preyor is that libelous?,38
46584,0,Heyum...what kind of animal is that?,38
46659,1,PAULDINGI figured that muchWhy the fuck you asking so many jackass questions for?,17
46800,1,Is that allthink real hard.,38
46846,0,How long is that gonna take?,38
47161,0,How is that helpingNatalieHow exactly?,38
47373,1,Go the fuck awayRosie.,17
47985,1,Is that what you think?,38
48208,1,Is that what makes a winner?,38
48392,0,Is that a fact?,38
48563,0,Is that all he said?,38
48792,1,What the hell is that?,38
49151,0,Is that what you think of meI believe in the Grailnot the Swastika.,38
49700,0,Is that what you're hoping to find at this palaceDrJones?,38
49960,1,Is that all?,38
50741,0,Is that Ryuji?,38
51498,1,Is that a threat?,38
52150,1,YWhat the fuck...?,17
52790,1,Is that the Walls of Jericho going up?,38
53241,0,"They're AgencytooDon't you get itCIA and Mafia togetherTrying to whack out the BeardMutual interestsThey been doing it for yearsThere's more to this than you dreamFBI fucking hates the CIANavy Intelligence got something to do with it tooCheck out ""Alan Popein MiamiJack YoungbloodBill HarveyColonel RoselliThe shooterI hearwas a Dallas copthe bagman at Ruby's clubI heard he shot his own partnerGot thatCheck out the rich fucks in DallasH.LHuntHe's dirtyThat's all I knowBut the Agency always runs the showCheck out something called ""MongooseOperation MongooseGovernmentPentagon stuffthey're in chargebut who the fuck pulls whose chain who the fuck knowsfun 'ngames mancheck out Southeast Asiathat's the next big numberthe heroin trail""Ohwhat a deadly web we weave when we practice to deceive.""",17
53828,1,What the fuck I tell youYou don't hafta shoot nobodyJust hold the gunThey'll get the idea.,17
53837,1,Why the fuck you at homeCause I spent ten thousand dollars gittinyour ass homeLookI gotta problemI need helpand you can help me.,17
53851,0,How old is that machine gun shit?,38
53860,1,NTWhat the fuck can I sayI'm seriousmanWhat the fuck can I sayThank youthank youthank you.,17
54025,0,And is that it?,38
54368,1,What the fuck is that shit?,17
54440,1,Nowhold on thereI ain't pullinno shitIt's my moneyI can do whatever the fuck I wanna do with it.,17
54486,1,What the fuck's that got to do with it?,17
54496,1,How the fuck they know that?,17
54609,0,Who's arm is that?,38
54752,1,Wellwhy the fuck keep her around?,17
54870,1,How the fuck did he find me?,17
54874,1,You know what the fuck I'm talkinaboutYou talk to her?,17
54881,1,What the fuck you doinknockin on the door like the goddamn policeYou lookinto get shot?,17
54891,0,Is that what I think it is?,38
55067,1,Goddamn itWhat kind of bullshit is that?,38
55077,1,Things happenWhat the fuck are you talking aboutThey did something to usFrankWe have to expose this.,17
55102,1,What the hell is that supposed to mean?,38
55453,0,How high is that?,38
55500,0,Is that the one who died?,38
55898,1,IJesus what the hell is that?,38
56177,1,YoTeachwhat the fuck?,17
56573,0,Is that a boat?,38
56663,0,Is that tooth hereDid anyone see it?,38
57495,1,Now why is that?,38
57532,1,What the fuck is wrong with you BrianIf you'll stop taking notes for once and open your eyesyou'll see that he is a homicidal fucking killerHe isfor real!,17
57703,1,Shut the fuck up.,17
57759,1,Man I haven't seen her in foreverWhat the fuck's she up to?,17
57886,1,MWhat the fuck yoYou wanna catch a beat down?,17
57890,1,MYeah watch the fuck where you skateYou know what I'm saying?,17
57964,0,Why is that?,38
58420,1,Andwhat path is that?,38
59052,1,She was in a great fortressfirst in the mountainsthen in the jungleHow is that possible?,38
59200,1,What is that awful looking place?,38
60141,1,Let's face itwhat the fuck are you doing in Las Vegas?,17
60566,1,What the hell is that for?,38
61646,0,Is that legal?,38
61749,1,Why is that?,38
62264,1,What the fuck?,17
62651,1,How the fuck are we gonna do thatRay?!,17
62859,0,What is that?,38
63448,1,Why is that funny?,38
63496,0,Is that the windNot yetYou must hear my birds sing.,38
64055,0,Andywho is that guy?,38
64085,0,What night is that?,38
64811,0,Is that all my story meant to you?,38
65297,0,Is it my eyesor is that thing a little...,38
65604,1,SAnd who the hell is that?,38
65749,1,OkayFineWhere the hell is that?,38
65839,1,ONWhat the fuck is going on?,17
65864,1,ONWhich one is that?,38
65877,1,ONWhat safe place is that?,38
66222,1,What the fuck was that about?,17
66607,1,What the fuck was that about?,17
66612,1,What the fuck's going on?,17
66650,1,What the fuck is that supposed --,17
66659,1,LookmanI never met RuizokayI don't know what the fuck I'm picking upwhat the fuck I'm dropping offwho the fuck I'm meetingAll I know is Maxie's still pissed at me cause I sold his fucking van.,17
66662,1,What the fuck do you have to complain about?,17
66663,1,What the fuck do you...,17
66725,0,Is that the woman from..?,38
66892,0,EWhat the fuck'Red Dragon?',17
67016,1,What the fuck was you toldDon't talkright?,17
67019,1,What the fuck you thinkI wanna 'hangwith you motherfuckersYeah you're workingAnd put down the champagne.,17
67836,1,NCreasyWhere the fuck are you?,17
68402,0,IRISH WOMANOhthat's a sad storyAnd her husband is that little fellowworks in Peter Reeves.,38
68841,0,Is that liquor?,38
69895,1,Shut the fuck up and do what I say!,17
69905,0,Is that all?,38
69937,1,What the fuck is going on.,17
69956,1,COME ON RUSSELLWho the fuck's Russell?!,17
70092,1,DWho the fuck are youMother Teresa?,17
70705,1,TWhat is THAT!,38
70984,1,YeahSo who the fuck does?,17
71029,1,IAWhat the fuck does that mean?,17
72263,1,SONWhose statue is that?,38
73086,0,LLOWThat's funnyWhy is that?,38
73778,0,Is that like a party trick?,38
74279,0,ELLAnd what is that?,38
74392,0,"All we know is that the city mysteriously vanished around 2,134 B.C.",38
75089,0,ZENBURGWhat is that?,38
75592,0,Who is that?,38
75625,0,Who is that?,38
75685,1,NESNiggayou got knock the fuck out.,17
75771,1,Who the fuck is thatDay-Day?,17
75817,1,YShhhhRoachshut the fuck up.,17
75820,1,WhatThis look like a 7-11 or somethingGet the fuck outta here!,17
75823,1,What the fuck you looking at?,17
76087,1,Is that something precious?,38
76270,1,NESFrogsThey copy our blue jeans and when we need their help in Kuwaitwhere the fuck are they?,17
77725,1,Madameit is that kind of approach which has made Paris what it is.,38
77739,1,Is that thing lost againListenif you are interested in a view...,38
77986,1,HKAWhere is that?,38
78547,1,Let's get the fuck out of hereshall weladies?,17
78793,1,Who the fuck are theyBobare you working on revoking the Posts's television licenseGood.,17
78889,0,Is that the truth?,38
79264,0,And where is that.,38
80114,1,The fuck you talking about?,17
80160,1,It's to follow my instinctsAnd my instincts say get the fuck out of Dodge.,17
80251,1,So what the fuck's a Finn?,17
80262,1,...I know I amLet's just do what we gotta do hereand get the fuck gone.,17
80444,1,SHUT UPShut the fuck upboth of youbefore I kill you!,17
80817,1,Why the fuck didn't you invite meI would've come.,17
80981,0,No wayI'm so happy I'm about to bustHerehoneyThis is for youIt cost me my whole savingsbut I said what the fuck.,17
81280,1,We've got the KidWE'VE GOT YOUR KIDWhat the fuck is she thinking?!,17
81281,1,MWHO THE FUCK BREAKS IN THROUGH THE NEIGHBOR'S HOUSE?!,17
81289,1,MGet the fuck away from me.,17
81337,1,So what the fuck are we supposed to do?!,17
81341,1,What the fuck is funny about this?,17
81578,1,Get the fuck out of my house!,17
81579,1,"""Get the fuck out of my house.""",17
81671,0,RWhat the fuck?,17
81686,1,RGoRunGo onGet the fuck out of here!!,17
81687,1,RShut upJust shut the fuck up.,17
81730,1,Sabuwhat the fuck you doingAin't nobody gonna push on this street.,17
81895,1,Shut the fuck up!!,17
82157,0,Lord Cornwallis is brilliantHis weakness is that he knows it.,38
82175,0,Is that so?,38
82199,0,Is that why the Assembly was convened?,38
82352,0,Is that rightdad?,38
82948,0,GTONWait for my orderwhat the blazes is that?,38
83041,0,Is that so?,38
83229,0,And you think O'Brien is that leverage?,38
83312,0,Is that what Argon told you?,38
83546,0,Is that so?,38
83590,0,Is that a threatDrBright?,38
83824,0,Is that so?,38
83829,0,Is that so?,38
83857,0,Is that soWellhave you seen enoughor would you like a photograph?,38
83889,0,Is that so?,38
84325,0,What is that?,38
84519,0,What color is that hedge of yours?,38
85458,1,CALM DOWN SHUT THE FUCK UP AND CALM DOWN SHUT SHUT SHUT UP SHUT UP --,17
85461,1,I said calm down and shut the fuck upWhat's your problem?,17
85463,1,Why don't you shut the fuck up?,17
86113,1,PELAGIEWhat thought is that?,38
86219,1,Ohwhy is that?,38
86364,0,Is that from one of the Gospels?,38
86586,1,ERWho the fuck are you trying to kidYou are that soulless monster.,17
86720,1,Some things changed between usNowhe thinks who the fuck he isHe's been passing certain remarks that I don't like.,17
86931,1,Get the fuck outa hereWhadda you mean nothingYou stupid bitch!,17
88309,1,plus the forty to Masonhow many letters is that?,38
88477,1,What the fuck is going on.,17
88639,1,LWhat the fuck are you talking about.,17
88951,1,A snake charmerwhat the fuck d'you thinkI'll call a doctortake care of himfix 'm right upNowhere's MrBrown and MrBlue?,17
88975,1,NKWhat the fuck was that chick's nameOh this is just greatI'm totally fuckintortured now.,17
88989,1,NKSo he'll tell us who the fuck set us up.,17
88996,1,NKWhat the fuck d'you think we've been askineach other?,17
89085,1,Tobywho the fuck is TobyTobyTobythinkthinkthink...,17
89114,1,ITEWhat the fuck are you talking about?,17
89143,1,What the fuck do you think you're doinGive me my book back!,17
89145,1,I found this old address book in a jacket I ain't worn in a coon's ageToby whatWhat the fuck was her last name?,17
89159,1,What the fuck are they waiting forThat motherfucker cut off my earHe slashed my faceI'm deformed!,17
89257,1,NKBoth of you two assholes knock it the fuck off and calm down!,17
89324,1,NKYeahand that was a fucking miracleBut if they did get awaywhere the fuck are they?,17
89365,1,ITEHow the fuck do you thinkThe cops shot him.,17
89879,0,Is that your kind of readingSteve?,38
91022,1,Waitthere is that other favor.,38
91427,0,Why is that?,38
91549,0,Is that supposed to comfort me?,38
91803,0,Is that what he tells you?,38
92519,1,The fuck was that?,17
92668,1,What the fuck!,17
92670,1,What the fuck!,17
92697,1,So what the fuck were you thinking?,17
92794,1,Is an abattoir like alike awhat is that?,38
92863,1,What the fuck are you doing?,17
93598,0,Is that him?,38
93618,0,What friend is that?,38
93929,0,It is that.,38
93964,0,Is that what he saidWellhe figured it okay this time.,38
94263,0,Is that a problem?,38
94520,0,Is that why she left you?,38
95074,1,What the fuck you talking aboutman?,17
95101,0,Is that right?,38
95286,1,What the fuck they gonna do with her in a hospitalBill?,17
95787,0,Is that Bandit in the lead?,38
96113,1,"Not youSome assholes on the elevatorare these bitches on a permanent smoke break or whatWhy the fuck they call'm ""working girls.""",17
96183,1,Meaning Man can do whatever the fuck it wants?,17
96915,1,What the fuck you doin'?!,17
96949,1,WhatWhat kind of pathetic line is that?,38
97248,1,What the hell is that?,38
97476,1,Now what kind of a crack is that?,38
98171,1,How is that possible?,38
98696,0,How is that...?,38
98789,0,Is that a poem?,38
98873,1,Is that what you came here to say?,38
99660,1,Is that the logical thing to doSpock...?,38
101352,0,How long is that?,38
101368,1,Is that your final answer?,38
101796,0,NThere is that.,38
102019,0,Is that what's affecting your performance?,38
103029,1,What the fuck are you doing?,17
103063,0,What is that?,38
103071,1,So you're saying we just pretend is didn't happenIt happenedThe LAPD executed one of the most important black men in AmericaWho the fuck are you to bury this?!,17
103329,1,ERShut the fuck up or I'll shut you up.,17
103641,1,"S""Attitude Adjustment Issueswhat the fuck is that supposed to mean?",17
104124,1,What the fuck..?,17
104504,0,RLEONEAnd what is that Bonasera?,38
107295,0,Is that for Mitch Brenner?,38
108108,1,Where the fuck did you come from?,17
108438,0,Where is that?,38
108514,0,Is that what you're thinking about?,38
109269,1,DYHow the fuck do I know?!,17
109380,1,Macwhere the hell is that pump!!,38
110710,0,Then whatWhatgoddamnitLouiseWhere the fuck are you goingAre you just leaving for fucking everWhatdid you fuckinmurder somebody or what?!,17
110751,1,What the fuck is going on?,17
110789,1,What in the hell is that up there?,38
111087,1,Just what is that supposed to mean?,38
111378,1,Who the fuck is it to you?,17
111389,1,Is that rightWell good for youSullI'm proud of you.,38
111394,1,Tell Bill to get the fuck off!,17
111525,1,Why the fuck would I do thatI'd be screwing myself.,17
111626,1,SullyWhat the fuck happened here?!,17
111632,1,How many is that?,38
111828,1,Then what the fuck did you do it for?,17
111979,0,OkaySo is that a yes or a no?,38
112407,1,CoochWhere the fuck did they send us?,17
112449,1,Who the fuck is he?,17
112611,1,Is that rightWhat are the trees saying today?,38
112624,1,Is that rightWelllisten to thisdrag your assThis is a restricted area.,38
112660,1,Is that like an hereditary thingMagdelanaor can one take classes?,38
112716,1,BIRDWhat the fuck you talkinabout?,17
113259,1,Who's the hell is that?,38
113352,0,Is that how you remember it?,38
113468,1,ENWhat the fuck is going on down there?!,17
113481,1,EWhat the fuck is going on hereYou can't install a simple goddamn double implant?!,17
113568,1,What the fuck did I do wrongTell me!,17
113710,0,Is that better?,38
113717,0,Secret agent...How much is that?,38
114200,1,DemerolWhat the fuck is your problemmanYou wanna die?,17
114722,0,Is that Agent Desmond's vehicle?,38
115344,0,NONWhat book is that?,38
115346,0,NONHow is that?,38
115488,0,Is that what a good doctor would doHow old are youplease?,38
115492,0,Why is that?,38
115616,0,Why is that?,38
115631,0,What is that to you...?,38
115664,1,...and is that serious?,38
115896,0,Sally Doneghynow who is that?,38
115898,0,...now who is that...?,38
115912,0,HuhAnd why is that?,38
116067,0,FWhat is that gizmo?!,38
116241,0,RWhat...what is that?,38
116553,1,You've gotta be kiddingGet the fuck outta my way!,17
117454,1,What kinda trash talk is that?,38
117917,0,Is that just beer?,38
117983,0,Is that in my chart?,38
118008,1,Who the hell is that?,38
118085,0,Shut upJamesYou're annoyingCarrie and Howard don't know what the fuck they're talking aboutokayThe entire class combinedincluding the lovely Hannah Greenhas about one tenth of one percent the talent you haveokay?,17
118227,1,LEERWhose tuba is that anyway?,38
118435,0,Who's gun is that?,38
118460,0,Is that Cristaile?,38
118655,1,Then why the fuck are you giving it back to me?!,17
118748,0,Is that right?,38
119024,0,Is that what you are angry about?,38
119211,0,Is that all?,38
119257,0,Is that a school?,38
119349,0,WHAT KIND OF PLAN IS THAT!??,38
119497,0,Is that itIs this right?,38
119719,0,What is that one over there called?,38
120017,0,Whose boat is that?,38
120060,0,Is that far from here?,38
120062,0,Is that possible?,38
120362,0,Is that what she said?,38
120914,0,Is that normal?,38
121298,0,Is that yours?,38
122098,0,Is that its mouth?,38
122364,0,What is that?,38
122416,0,What is that?,38
122425,0,Is that a fact.,38
122958,0,Is that what you want me to be?,38
124300,1,ARSHALLWhat the fuck is thisYou got someplace more important to be?,17
124901,1,What the fuck are you doing here?,17
124904,1,Shut the fuck up.,17
125050,1,Fixing your makeup with a phonehuhWho the fuck are you calling?,17
125124,1,GET ME THE FUCK OUT OF HERE!!,17
125156,1,ManI don't know what the fuck you're talking about.,17
125190,1,Why the fuck would I do that?,17
125224,0,EAndyAndy is that you?,38
125238,1,AaaaaGet the fuck away from me!,17
126739,0,What is that thing?,38
126859,1,What was itWhat the fuck was it?,17
127567,1,Is that the same standard you used to choose General Formica?,38
127639,1,Who is that idiot?,38
128847,0,Which part is that ?,38
129291,0,Is that where he isBy the shrunken heads.,38
129743,1,Kenai's PAbut how the fuck she seeinus?,17
129757,1,Get the fuck out of here.,17
130338,1,Aw come onjust a couple of questionshow hard is that?,38
130470,1,REENI don't know what the fuck you are.,17
130471,1,REENThe fucking contractHow in the fuck did he know.,17
130709,1,Is that what you wanted to hearSomething cold bloodedsomething remorseless...,38
130819,1,Who is that other guy?,38
130847,1,Who the fuck are youWho do you work for?,17
130869,0,Is that all you want?,38
131976,0,What is that?,38
132585,0,Is that right?,38
133166,0,I said drown 'em allWho is that?,38
133688,0,NEThe games are overYou were rightIt was the fuck of the centuryShooter.,17
133774,1,I told her it was the fuck of the century.,17
134384,1,Would you shut the fuck upYou hear what I'm doing?,17
134564,0,MrWaynea reminderTonight is that loathsome partyhosted by that odious MrShreckMay we RSVP in the resoundingly negative?,38
135037,1,Is that itBruceI'm under some magic spell?,38
135529,0,What is that?,38
135705,0,"Is that what you ""heard""?",38
136026,0,Wellthere is that ...,38
137021,0,Is that all you wantTo watch me...?,38
137076,0,What is that?,38
137943,0,Sounds delightfulWho the fuck is John Malkovich?,17
138002,0,Is that true?,38
138228,1,CHWhat the fuck is going on?,17
138234,1,CHYesyessweetheartyesWhat the fuck is going onI'm not talkingThis is not me!,17
138678,1,What the fuck is he talking about?,17
138681,1,Shut the fuck upDonnyNot a bunch of fig-eaters with towels on their heads tryinto find reverse on a Soviet tankThis is not a worthy--,17
138698,1,Oh for Christ--will you shut the fuck upDonny.,17
138719,1,What the fuck is he talking about?,17
138720,1,Shut the fuck upDonnyV.ILeninVladimir Ilyich Ulyanov!,17
138726,1,Shut the fuck upDonny.,17
138838,1,Irish m--What the fuck are you talking aboutMy name's Da FinoI'm a private snoopLike youman!,17
138841,1,Who the fuck are youWhy've you been following meCome onfuckhead!,17
138843,1,Who the fuck are youmanCome onman!,17
138955,0,Is that what that's a picture of?,38
138958,1,What the fuck does Vietnam have to do with anythingWhat the fuck were you talking about?!,17
139012,1,What the fuck are you talking aboutI converted when I married CynthiaCome onDude!,17
139014,1,What the fuck are you talking about?,17
139065,1,Who the fuck is Arthur Digby Sellers?,17
139067,1,Who the fuck is that?,17
139101,1,Someone else's--where the fuck are they gonna--,17
139129,1,What the fuck're you talking aboutThat poor woman--that poor slutkidnapped herselfDudeYou said so yourself--,17
139132,1,What the fuck is that supposed to meanWhat the fuck're we gonna tell Lebowski?,17
139138,1,What the fuck?,17
139166,1,What the fuck is going on there?,17
139171,1,WeWhat the fuck weYou said you just wanted to come along--,17
139173,1,Walter--what the fuck are you thinking?,17
139235,1,What the fuck are you--,17
139237,1,What the fuck're you talking aboutThe carrierWhat's in the fucking carrier?,17
139241,1,You're fucking twenty minutes lateWhat the fuck is that?,17
139252,1,What the fuck are you--,17
139254,1,What the fuck are you talking aboutThis Chinaman is not the issueI'm talking about drawing a line in the sandDudeAcross this line you do notuh--and alsoDudeChinaman is not the preferreduhAsianAmericanPlease.,17
139255,1,This Chinaman who peed on my rugI can't go give him a bill so what the fuck are you talking about?,17
139257,1,HuhNoWhat the fuck are you talking--I'm not--we're talking about unchecked aggression here--,17
139258,1,What's the point of--we all know who was at faultso what the fuck are you talking about?,17
139271,1,Heyjust tell me where the fuck you want us to go.,17
139278,1,Shut the fuck upHello?,17
139466,1,RWhat the hell is that supposed to mean?,38
139502,0,NOSAnd why is that?,38
139528,1,RWhat the fuck you doing?,17
139535,1,Well you've got itwarmbloodNow what the fuck are you gonna do with it?,17
139720,1,It's warnow get the fuck out of the way!,17
140065,1,You mind me askingwhy the fuck?,17
140147,1,What the fuck--??,17
140390,1,What the fuck's going on here?,17
140863,1,From the neighborhoodShut the fuck upYou like telephonesHuhYou wanta go for a ride?,17
141434,1,What planeWe going someplaceWhere we headedYou have your moneyIt's all thereWhat the fuck is going on?,17
141593,1,What the fuck is that?,17
141602,1,What the fuck is that?,17
141669,1,What the fuck is going onWhen did you get out of jail?,17
141913,1,What the fuck are you talking aboutman?,17
142783,0,Is that what you think I was thinking?,38
142941,0,Is that alrightFrank?,38
143562,1,Mauricemanshut the fuck up.,17
143918,1,IllibentWho's club is that?,38
143933,1,EHow the fuck can I open it?,17
144064,1,GoddammitVioletWould you just leave me the fuck alonePleaseLeaveNow!,17
144117,1,What the fuck is going on?,17
144141,1,Nowwhere the fuck is my money?,17
144166,0,Is that the money?,38
144318,0,Is that what you think?,38
144358,0,What the fuck was it?,17
144364,1,Is that what her daddy tells her?,38
144496,1,CaesarWhat the fuck time is it?,17
144682,1,What is that?,38
144808,1,get the fuck out of hereall this moneythis crazy offerI mean give me a fucking break with thisthis is,17
144822,1,Get the fuck away from my car.,17
144881,1,NWhat the fuck is he doing?,17
147427,0,Is that your car?,38
148476,1,Heythat's just fuckinThat's bullshitYou knowyou knowwhat the fuck?,17
148561,1,I'm what counts out hereNot your fuckincountry clubs or your fuckinTV showsAnd what the fuck are you doinon TV anyhow?!,17
148571,1,Where the fuck you get off talkinto people about me behind my backGoinover my head?,17
148605,1,The point is that she's upsetShe'sand you got a fuckinproblem.,38
148625,1,What the fuck happened to youWill you tell me?,17
148672,1,What the fuck is that supposed to mean?,17
148990,1,But even if you bought him a watcha really nice watchone that he thought was niceand he doesn't know what the fuck a good watch issoyou gofivetentwelve grand?,17
149258,1,Fuckinkids at homeHereGet the fuck out of here.,17
149366,0,Is that what you did?,38
149484,1,Get the fuck out of here.,17
149485,1,Get the fuck out of hereGet outGet the fuck out!,17
149487,1,How the fuck am I gonna get your fuckinmoney nowYou think he's gonna give you fuckinmoneyAre you out of your mindLook what you just did to this fuckinguyIf you would have just kept your fuckinmouth shutAhwhat the fuck is the useI should've never got invol-,17
149505,0,Is that what you want?,38
149515,1,He really thinks who the fuck he isI'll tell you that.,17
149729,1,Get her the fuck out of hereGet her out of here.,17
150355,0,That's illegalYou want us pulled overI'll turn around at the corner if you'll shut the fuck up.,17
150912,1,The fuck I will!,17
150943,1,RWho the fuck you kiddingSend me money!,17
151035,1,Who the fuck is he?,17
151186,1,DilDilWhat the fuck are you doing here?,17
151613,1,EWhat the fuck is this?,17
151755,1,What the fuck were you doing here?,17
151756,1,What the fuck am I doing here.,17
151758,1,OkayThat nice ladyMeets me in a barI'm saying what the fuck am I doing here anywayShe buys me a drinkShe holds my handI'm looking at her saying I don't like youbitchBut what the fuckMaybe I'll get to understand.,17
151782,1,Shut the fuck upwould you?,17
151784,1,What the fuck do you know about my people?,17
151833,1,I said shut the fuck up --,17
151866,1,EShut the fuck upJude.,17
152357,0,Your passportWhat kind of a proof is that?,38
152451,0,Is that allCan I go now?,38
153032,0,He's deadWe've got to get the fuck out of here!,17
153618,1,What the fuck was that?!,17
154045,1,Is that why you're hereTo blame...,38
154693,1,Why is that funny?,38
155086,0,Is that unusual?,38
155249,1,Shut the fuck up...Yes I remember nothingMiss Sessionsjust going over a detail or two with my associatesyou were saying?,17
156329,1,ERWhat the hell is that?,38
156573,1,ERWhat the fuck is thisI want some service!,17
156617,1,Get the fuck outta here already.,17
156706,1,WOULD YOU SHUT THE FUCK UPWHO THE FUCK IS IN THE BATHROOM?,17
156708,1,Shut the fuck up!,17
156774,1,What the fuck did you do that for?,17
156780,1,So your argument is that title dictates behavior?,38
157273,1,What the fuck did you do that for?,17
157315,1,"What the hell is that anyway""something like thirty-sixDoes that include me?",38
157424,1,WhatWhat is that?,38
157932,1,EWhat the fuck you mean you burned it?,17
157971,1,SThen where the fuck is!,17
158892,1,TWhat the fuck was <u>that?</u>,17
158950,1,TDon't take thatTell him to shut the fuck up.,17
159193,1,Is that what they told you?,38
159557,1,DrJonas thought you might be inclined not to cooperateWhy is that?,38
159629,0,How is that possibleHow could all that information be encoded in --,38
159794,1,Is that your official response?,38
160315,0,Is that your answerOld ManYou're a hardcase tooain't you?,38
160694,0,Is that it?,38
161072,0,Is that a gift from WendelIt has an aeronautical feel to it.,38
161758,1,What the fuck was all that about at the hotel last nightI thought we had a deal?,17
161989,1,What is that a threatAre you fuckinthreatening meMarcel?,38
162935,1,Whatthe hell is that?,38
163975,1,Is that my birthday cakeMay I see?,38
164046,0,But where is that?,38
164209,0,NNo way is that the same chickThe other one was a dog.,38
164327,1,What the fuck are we going to do?,17
164339,1,ERWhy the fuck would you do that?,17
164616,0,I knowThe important thing is that it stop.,38
164661,0,Is that how you feel?,38
164798,1,Oh greatWhat the fuck am I supposed to do?,17
164824,1,ERHow the hell is that your business?,38
164837,1,What the fuck are you following me forI'm not a suspect here.,17
165032,0,What is that door?,38
165255,0,Is that everybody?,38
166014,0,What is that?,38
166264,1,What is that supposed to mean?,38
166372,1,RWhich question is that?,38
166422,0,ANOh yeahWhat kind is that?,38
166505,0,CIRed cross over to blue double blue ...is that what it isA squid?,38
166789,0,ListenBiedermanI'm going to club you into the floor unless you tell me what the fuck is so important.,17
166822,1,Is that what it isI couldn't figure out.,38
167063,1,The fuck you didn'tGimme that!,17
167064,1,The fuck I did!!!,17
167139,1,Who are youWhat the fuck do you want?,17
167462,0,And two unparaunparalleled Cir-cass-ian beautiesWhat is that?,38
167818,0,What is that smile on your faceIs there anything wrong with me?,38
168243,1,Safe and soundthanks to youWhat the fuck was that?,17
168363,1,All rightenoughWho the fuck is on the phoneanywayIs that you MorettiYou on the phoneWill somebody talk to me?,17
168501,1,What the fuck do you want?,17
168806,1,Wait a minuteWhat the fuck you tryinto tell me?,17
168924,1,Who the hell is that?,38
168936,1,Anything to get the fuck out of dodge.,17
169034,0,Is that the decoder?,38
169040,0,Is that youDomino?,38
169085,1,What the fuck is your problemBitch<bINTSOPHIE TROMAS MANSIONKITCHENDAY </bDomino is loading her GUN at the kitchen table as Sophie serves breakfastDomino wolfs it down.,17
169107,1,...THEN SHUT THE FUCK UP!,17
169195,1,It's about turning that shit off and getting the fuck outta my pizzeria.,17
169418,1,Ya just got paidso leave me the fuck alone.,17
170079,0,Is that what I think it is?,38
171783,0,What is thisWhat's going onwho is that?,38
172023,0,WellI thought thatwellthe way it always works is that SGA president does a countthen the SGA advisoryou knowfor the two independent counts.,38
172385,1,Of course I amWhat kind of question is that?,38
172491,1,There are no rulesWhy the fuck are you doing thisThe Nite Owl made youYou want to tear all that down.,17
172517,1,Get the fuck away from me.,17
173016,1,Goddammitshut the fuck up and turn on CNN!,17
173034,1,What kind of a question is that?,38
173106,1,What the fuck?!,17
173461,1,OYou don't know who the fuck--,17
173581,1,Shut the fuck up.,17
173841,0,DSNow is that clear?,38
174380,0,Is that what you thinkIs that what you think I think?,38
175105,1,What the fuck did you do with my stuff?,17
175228,0,What is that?,38
175260,1,The fuck I'm notI don't care what the doctor says --,17
175301,1,Why the fuck should I respect her?,17
175327,1,Is that what you want?,38
175386,0,Is that what I think it is?,38
175743,0,Yeahand whose fault is that?,38
175764,0,WellI'm the neighborsTherenow we're introducedso you can shut the fuck up.,17
176808,1,What book is that?,38
176903,1,ALTwenty daysThe world is that big?,38
177433,0,Is that too tight?,38
177500,0,Is that a threat?,38
178603,1,Is that what you used to do?,38
178694,1,SoThe procnias averano is a South American birdThe flight here was only three hoursAnd yesterday a European swallow flew byWhere the fuck are we?,17
178761,0,Is that what you think?,38
178869,1,What the fuck do you think happenedCastor Troy just shot himWhat are you waiting forGO!,17
179041,1,Is that tonight?,38
179820,0,"Is that what you call it""<i>Real</i>""?",38
179839,0,What is that <i>thing</i>?,38
180455,1,Who the fuck are youWho the fuck are you?,17
180485,1,UDShut the fuck up or I'll throw you back in the trunkyou know.,17
180518,1,DON'T EVER INTERRUPT MEJERRYJUST SHUT THE FUCK UP!,17
181198,0,Is that your blood?,38
181290,0,Is that what you're calling it?,38
181296,1,What kind of stupid question is that?!,38
181510,0,What the fuck?,17
182053,1,Just shut the fuck up and maybe you'll live.,17
182122,1,Relaxyou need to chill the fuck out.,17
182887,0,Is that what your girlfriend does for you?,38
183148,1,What the hell is that?,38
183519,0,EWhat kind of doggy is that?,38
183601,1,Just get the fuck outta here.,17
183603,1,Now she's tellinme what the fuck to do.,17
183607,1,So get the fuck outta here.,17
183609,1,Hurry upyou're wastinmy timewhat the fuck.,17
184771,1,Why am I whatExcuse meI catch you saying the F-word againI'll kill youThat's a fucking promiseNow get the fuck out of here.,17
184794,1,Why shucksLtAnusyou told me to get the fuck out of here...,17
184796,1,OSGet the fuck out of herehoneyWhat do we got?,17
185141,0,Who is that guy?,38
185171,1,What is that old building?,38
185608,0,What the hell is that smell?,38
185677,1,DWho the fuck is this?,17
185703,0,What is that?,38
185830,0,Is that so bad?,38
186070,1,FYou're gonna be sorry if you don't shut the fuck up.,17
186167,1,FWhere the fuck is sheDuke?!,17
186225,1,FMiscarriageWho the fuck told you Jessica had a miscarriage?!,17
186262,1,The Captain's been murderedThe buzz is that Jason might be on board.,38
187209,0,Who is that young man?,38
187274,0,WellYou have all the answersHow is that possible?,38
187447,0,Is that all?,38
188533,0,WAnd why is that?,38
188540,0,Is that what I just said?,38
188597,0,Is that what I said?,38
188608,0,Is that what I said?,38
188931,1,How the fuck do I knowWhat...talk to me.,17
189128,0,"...then what is this ""you sayshitwhat is thatWhat is that...?",38
189147,1,Shut the fuck upRickyYou have a mean streak in youAnd what the fuck are you babbling about,17
189156,1,...the fuck is that supposed to mean...?,17
189377,0,Who's my palAnd what are youRickyhuhwhat are youBishop SheeanWho the fuck are youMrSlickWhat are youfriend to the workingmanBig dealFuck youyou got the memory a fuckinflyI never liked you.,17
189381,0,Is that what I didDaveI humiliated youMy God...I'm sorry...,38
190096,0,GELIPari Persuwhat the fuck is Pari persu...?,17
190313,0,Is that why you joined the MarinesFor your father's sake?,38
190332,0,Is that --?,38
190361,0,Is that really her?,38
191089,0,RAINESAtley JacksonHow is that oneHow's the leg?,38
191711,1,Will you get the fuck out of here.,17
191826,1,I don't know what the fuck you're doinYou're givinus a ride.,17
191856,1,Chuckiewhat the fuck happened?,17
191858,0,Is that true?,38
191893,1,EShut the fuck up.,17
191931,1,EWould you shut the fuck upI know what you orderedI was there!,17
192382,0,Is that why you didn't write anything else?,38
192479,1,What the fuck am I afraid of?!,17
192484,0,Is that what you think--,38
193340,1,Get the fuck outta here.,17
193493,0,Is that right?,38
193546,1,ERSWhy don't we just do his job thenso we can do our joband get the fuck out of here.,17
193971,0,Is that your version of a pep talk?,38
194400,0,What stuff is that?,38
195121,0,Is that himIs that him?,38
195281,0,Is that all you say?,38
196672,1,NGHow crazy is that.,38
196837,1,ERWhat is that supposed to mean...?,38
196994,0,NGWhat is that that smells so wonderful.,38
197386,1,AShut the fuck--!,17
197816,1,Shut the fuck upall right.,17
198159,1,Bretwhat the fuck...?,17
198419,1,What am Ia goddamn postmanI'm way the fuck up hereI'm scared a heightsand you want me to deliver a letterPut a stamp on it for Chrissake!,17
199764,1,What the fuck is that?,17
200301,1,GoWhat the fuck sort of journalists are werunning from a warI'm ashamedAre youWellare ya'?,17
200998,1,Don't think soStay the fuck back.,17
201296,1,What the hell is that?,38
201595,1,I'm JP Monroeyou stupid little bitchNow get the fuck out of my life.,17
201845,1,HudsonI'm afraid I'm sticking with GodBut you're a close secondtough guyWhat is that smile?,38
202230,0,Is that allMrBarnes?,38
204130,0,Is that bad?,38
205880,0,Is that me?,38
206346,1,NWhat in hell is that?,38
207448,0,Is that my punishment for embarrassing Mr Heineman?,38
207478,0,EWhat is that?,38
207662,0,Is that Margie?,38
208535,0,Is that all it's beenI thought it was longer.,38
208706,0,What is that?,38
208725,1,What kind of gun is that?,38
209005,0,what happens is that after a whilethe stones get smoothevery six weeksso the animal regurgitates them-,38
210239,0,Is that why Klute didn't tell me?,38
210413,1,Is that what you gave him?,38
210447,0,Is that how you met the DumperSomeone else gave --,38
210720,1,Is that really your chair?,38
211386,1,GYATSOWhere is that?,38
212049,0,<u>What</u<u>is</u<u>that</u>?,38
212374,1,Is that a pretty good jobFBI agent?,38
212802,0,And what is that?,38
213403,0,Is that youDean?,38
213438,0,What the fuck did you do to Fauntleroy?,17
213468,1,What the fuck is going on?,17
213496,1,Where the fuck are they goingTo butcher a sheepI thought this was a robbery.,17
213619,1,How the fuck should I know?,17
214662,1,What the fuck?,17
214809,1,NWhere the fuck is he?,17
214885,1,What the fuck are you doing here?,17
214998,1,Is that all?,38
215004,1,Is that all?,38
215026,1,How the fuck do you do that?,17
215694,1,Last night a guy named John Townsend tried to shoot me and now I find out you knew himWhat the fuck is going on?,17
216421,0,Finethen how many nights home is that?,38
216608,1,AGET THE FUCK OUT OF HERE.,17
216612,1,AYOU BURN IN BELLYou burn in hell and you deserve itYOU GET THE FUCK OUT.,17
216616,1,AFUCK YOUYOU GET THE FUCK OUT OF HERE.,17
216620,1,AGET THE FUCK OUT.,17
216622,1,AGet out of hereget the fuck out of my house --,17
216628,1,AYeahyeah rightwhat the fuck are doingWHAT THE FUCK ARE YOU DOING IN MY HOUSE?,17
216636,1,AWhat the fuck do you want?,17
216643,1,A...what the fuck is this...?,17
216724,1,AWell...is that illegal?,38
216967,1,"ON""Why don't you shut the fuck upis me to youChapter Right HereVerse Right Now.",17
217022,1,NWhat is that?,38
217156,1,Is that still lingering?,38
217282,0,MischiefWhat the fuck you talkinaboutmischief?,17
217348,1,What the fuck is thisJimmy?,17
217493,1,Shut the fuck up.,17
217497,1,Now you must really shut the fuck uppleaseShut The Fuck Up.,17
217499,1,Shut the fuck upShut the fuck up.,17
217501,1,Shut the fuck up.,17
217540,1,You motherfucker...you motherfuckerYOU FUCKING ASSHOLEWHO THE FUCK ARE YOUWHO THE FUCK DO YOU THINK YOU ARE?,17
217601,1,...oh Jesuswhat the fuck...?,17
217630,1,What the fuck is goinonWHAT THE FUCK IS GOING ON?,17
217632,1,....what the fuckwhat the fuck....,17
217636,0,What is that?,38
217793,0,What is that?,38
217982,0,PPEWhat is that?,38
218122,1,How did I get inYou're new hereand will soon learn many secretsWhat is that?,38
218165,1,AOutside hackerWhat the fuck are you talking about?,17
218358,1,LookJimmyyou knowI haven't seen you in eight yearsyou show up to my door like you're on drugsnow the least you could do is tell me what the fuck is going on!,17
218674,1,Is that youD?,38
219540,0,Is that...?,38
219702,1,What the fuck do they want with me?!,17
219868,1,MrWizardget me the fuck out of here!,17
221582,1,Expecting any other Jimmy's out hereMemory ManWhere the fuck's Teddy?,17
221586,1,What the fuck are you doing here?,17
221630,1,DShut the fuck up!,17
221633,1,EMaybe it isHow the fuck would you knowYou don't know a fucking thingYou can't get scaredcan you get angry?!,17
221787,0,DShe wasn't diabeticYou think I don'tknow my own wifeWhat the fuck is wrongwith you*,17
221799,1,DWhat the fuck are you talking about?,17
221860,1,DWho the fuck are you?,17
221862,1,DI'm gonna ask Natalie what the fuck that was all about.,17
222119,0,LAAnd what is that?,38
222630,0,ELRight herewhy notI prayed in saloonsI prayed in the streetI prayed an the toiletHe don't care wherewhat He wants is that prayer.,38
223229,1,I don't knowit's weirdbut a couple of broken bones hasn't done a lot for my creative juicesGet the fuck out of here.,17
223901,1,CKYesI believe that's rightNow my understanding is that 20 hours after exposurethe victim becomes infectiousHighly infectious.,38
225209,0,What is that?,38
225519,0,Is that clear?,38
225806,0,Is that the Queen's request?,38
226190,1,What the fuck is that?!,17
226362,0,Is that your question?,38
226365,0,Is...is that where we areDid I die?,38
226404,0,YeahsureIt is that kind of a dayWhen?,38
226764,0,Is that it ?,38
226882,0,AWhy don't you tell us what the fuck is going on ?,17
226905,1,What the fuck are you talking about.,17
226942,1,Just shut the fuck up.,17
226951,1,For once in your lifeshut the fuck up.,17
227746,0,Is that a yes?,38
227845,1,Is that why Uncle Phil moved there?,38
228105,0,Is that the fish you won at the carnival?,38
228352,1,Is that your camper?,38
228994,0,What is that sup...,38
229107,0,THow is that?,38
230186,0,Is that so?,38
230434,0,How often is that?,38
230535,1,DannyI can't fucking wait anymoreYou hear meNow where the fuck's my wife?,17
230539,0,SometimesAnd sometimes I don'tShut the fuck up!,17
230541,1,I fucking hate RaoulShut the fuck upassholesomeone.,17
230583,1,What the hell is that?,38
230722,1,NothinNot a goddamn thingWhat the fuck...,17
230970,1,AWhat the fuck kind of questions are those?,17
231272,0,Is that true?,38
231279,0,Why is that impossible?,38
231550,1,Are you nuts or somethingWhat the hell is that going to do?,38
231909,0,Why is that?,38
232452,0,Is that right?,38
233220,0,HYShootDocthe only one I'm disturbing is that old nurse and her fixed waysThat's all.,38
233253,0,Is that so?,38
233387,1,HYP.AWhat the hell is that?,38
233410,1,HYWhat kind of crap is that???,38
233695,1,Boythat looks tastyWhat is that?,38
233773,1,Ohcome onWhat kind of an excuse is that?,38
233836,0,Kate is that you?,38
234030,0,Is that bad?...,38
235136,0,Is that SnoopyIn the purple doo rag?,38
235257,1,Is that what you would've done?,38
235332,0,EThis kind of setupyou don't have any idea what the fuck you're doingdo you?,17
235382,1,"Sign says ""Shut the fuck upOr can't you guys read?",17
235455,1,Is that how you think of yourself?,38
235520,0,Is that right?,38
235705,1,<i>Hejira?</iWhat kinda name is that?,38
235723,1,NothingI just wanna get the fuck outta here.,17
235938,1,EWhere the fuck is Foley?,17
235954,0,EYear agoI come in here on credit card fraudbut after I shanked that loudmouth pussy on the yard the other daymy DunnBroadstreethas gone way the fuck up.,17
235959,1,E...the fuck is this...,17
236032,1,Who the fuck taught you to fly?,17
236183,0,Is that the good newSiror --,38
236431,1,EWhat the hell is that?,38
236684,0,Is that one of your poems?,38
237028,1,God damn it Gusyou dug up my wifeWhat the fuck is going on around here?!,17
237312,1,What kind of person is that?,38
237516,0,Is that a question?,38
238411,0,SWhat is that?,38
238576,1,Where the fuck is red platoonTell 'em to get their asses up hereWhat the fuck you doinback here EliasRound up your assholes and move 'em up frontwe're getting chopped to shit.,17
238581,1,WHAT THE FUCK YOU DOING!,17
238667,1,La DaiLa DaiGET THE FUCK OUTTA THERE!,17
238721,1,How the fuck you get over here manyou look like you educated...,17
238744,0,No I don'tI don't know what the fuck you're talking aboutElias,17
238747,1,Why the fuck didn't you do something Lieutenant!,17
239259,0,NEWhere did it all come fromOr is that a permissible question?,38
240927,0,Is that allYou just fold back the bedspread?,38
240978,0,OMASAnd who is that?,38
241071,1,BLACKAnd what is that worththe promise of a womanYou're very funnyHighness.,38
241240,0,ATHERWellwho says life is fairWhere is that writtenLife isn't always fair.,38
241394,0,BLACKAnd what is that?,38
242936,0,Is that a fact?,38
243223,1,Is that Doctor still up thereBrother.,38
243297,0,Is that all?,38
243908,1,Hey nowwhat the fuck?,17
244137,1,Who the fuck knowsWe'll find out soon enough.,17
244152,0,Who is that?,38
245543,1,NTINOWhat the hell is that?,38
245767,1,IOTell me in sadnesswho is that you love.,38
245793,0,Unclethis is that villain Romeoa Montagueour foe.,38
245856,0,Madamin happy time what day is that?,38
246067,1,Who the fuck are you?,17
246127,0,Is that right?,38
246293,0,Is that right?,38
246305,0,Is that right?,38
246315,1,Who the fuck died and appointed you food czar?,17
246381,1,TWhat the fuck happened?,17
246427,1,TAnd what job is that?,38
246494,0,TThere is that.,38
247194,0,How much is that?,38
247202,1,What the hell is that?,38
247444,0,Wait a secwhat the hell is that between her legs?,38
247701,1,L AGENT STERLINGWho the hell is that?,38
247857,1,what the hell is that?,38
247915,1,I wouldn't be close to youWhat is that perfumegirl?,38
247955,1,What kind of assignment is that?,38
248591,0,Is that all right with you?,38
248952,0,That's trueWhy is that?,38
248998,1,Is that what she used to sing?,38
249032,0,"""Dear Sleepless in SeattleI am an SWFWhat is that?",38
249497,1,Who the fuck are youDrJoyce Brothers?,17
249544,1,EWho the fuck are youDrJoyce BrothersI hate the son-of-a-bitch.,17
249614,1,What the hell is that?,38
249710,1,EARWhat the fuck are you gonna do about itdickhead?,17
250205,0,YeahWhat rule of thumb is that?,38
251738,0,Who is that guy?,38
251766,0,Is that coolJust to leave her like that?,38
251854,1,Alright I'm hereWhat the fuck do you want from me?,17
251983,1,Is that a threat?,38
251985,1,Is that a threatDetective?,38
252059,0,And who is that?,38
252141,1,Listen you sick bastardwhat the fuck do you want?,17
252270,1,Who the fuck is this?,17
252282,1,Where the fuck did she go?,17
252342,1,You bitchwhere the fuck are you?,17
252570,1,We gotta get backJesusHe's hereWhat the fuck is he doing here?,17
252786,0,And why is that?,38
252888,1,You heard Billyshut the fuck up.,17
253091,1,What the fuck is going on?,17
253095,1,What the fuck is going on here?!,17
253106,0,Andwhy is that?,38
253177,1,What the fuck is wrong with youWhat burnt you out?,17
253180,1,Why don't you shut the fuck up for a whileYou bitch and complainif I thought like youI would have slit my wrist already.,17
253212,1,What the fuck is wrong with you?,17
253338,1,What the fuck is that?,17
253983,1,What kind of a horrible thing is that?,38
254164,0,ANWho is that?,38
254952,1,Is that all?,38
255880,1,When is that?,38
255967,1,You'll do what I tell youNow get the fuck inside.,17
256225,0,Is that right?,38
256227,0,Is that right?,38
256305,0,Who is that?,38
256771,1,FineWhy don't you start right now and get the fuck out of herehmm?,17
257294,0,YRight to HellJust kiddingWhere is that bus?,38
257871,0,LANCASTERWhat is that?,38
257960,0,DWhat is that you wear?,38
258551,0,Is that right?,38
259224,1,Is that allI thought it was about three hundred.,38
259414,1,TYBabyAnd what baby is that?,38
259434,0,YeahAnd why is that?,38
259585,0,Is that what you doDraw pictures?,38
259712,1,Is that your third question?,38
259870,1,Wellthe sheriff found <u>two</ubatteries in your wellIf you left one with Carl Heinehow is that possible?,38
260794,0,Is that anything?,38
261615,1,LEESeptember 4how far away is that?,38
261944,1,NWhy the fuck not?,17
261950,1,NHow the fuck should I know!!,17
262631,0,Is that clear?,38
262844,1,TWhat the hell is that?,38
263031,1,What the fuck is this?,17
263645,1,Wellwhere the fuck is he?,17
263729,0,What is that?,38
264743,1,Noyou're notWhat kind of talk is that...,38
265066,1,Planet PWhat kind of name is that ?,38
265174,0,Is that your signatureRico ?,38
265302,0,V'ger is that which seeks the Creator.,38
265304,0,The Creator is that which created V'ger.,38
265312,0,V'ger is that which programmed me.,38
265885,0,You wrote a play on itwhat play is that?,38
265993,0,What is that in fingersJust kiddingget me this horse.,38
266169,0,Who is that...?,38
266479,0,What is that...?,38
266497,0,Is that one hell of a kid?,38
266833,0,IS THAT YOU?,38
266922,1,Is that like Luigi's?,38
267106,1,Shut the fuck up<u>I</udidn't go behind <u>your</uback.,17
267122,1,Is that what you're worried aboutLooking bad at the PTA?,38
267137,1,Is that what he told you?,38
267579,1,What the fuck are you talking aboutWhat's OK?,17
269049,0,Is that Bee-Bee?,38
269141,1,If it's all so fucking futilewhat the fuck are you so fucking upset aboutfuckhead?,17
269198,1,Is that a threat?,38
269314,0,Yeahmanmalesignificant otherwhatever the fuck I am.,17
269435,1,What the fuck are you talking about?!,17
269437,1,Timwhy don't you shut the fuck up?,17
269443,0,Is that Jeff?,38
269522,0,Is that your driver?,38
269609,1,S MOMYou know the fuck not.,17
269610,1,The fuck not?,17
270057,0,Is that soWhat's the wonderful news?,38
270432,0,Is that so!,38
270458,0,Is that So?,38
271449,1,Not quiteWhat is that in the lower right hand corner?,38
272107,1,Is that what they're calling him?,38
272444,1,Is that real enough for you?,38
273341,0,Is that a factHe's a dillyain't heBy the bywhat did he have against this boy?,38
274529,1,ASWhat the fuck are you?,17
274564,1,ASWho the fuck cares?,17
275010,1,GUYWhat the fuck?!,17
275070,0,Is that the question of compassion or science?,38
275155,0,What is that tune?,38
275402,0,Is that a problem?,38
275426,1,INEWellcan we make it one moreNowhere the fuck near me.,17
275911,1,ISORListenget the fuck out of here before you get hurtWho the fuck do you think you arewaltzing in hereasking questions?,17
276651,0,GASTWhere is that?,38
276711,1,ANHoly motherwhat is that?,38
277512,0,Is that what you'd like me to do?,38
278576,1,DWell what the fuck do you expect me to do about it.,17
278692,1,GSWhy the fuck not?,17
278719,1,GSWho the fuck are you?,17
278922,1,Get the fuck away from me.,17
279068,1,You can have chicken with eggs but not with milkWhy is that?,38
279768,0,WhoWho is that?,38
280374,0,DWhere is that?,38
281029,1,ALIANWhoI dont know who the fuck youre talking aboutsunshine.,17
281750,0,Is that bad?,38
283266,0,Is that true?,38
283385,0,Is that another Christmas present?,38
283772,0,Is that goodor bad?,38
284466,1,What kind of answer is that?,38
284717,0,What is that?,38
285662,0,It is that simple.,38
286052,0,Is that a nice way to talk to a pal?,38
286327,0,Is that one of the Who's Who?,38
287358,0,Is that Mandarinor Cantonese?,38
287576,0,ROTHERWhat is that?,38
287603,1,How is that hen doingI was meaning to pip her before I fell sick.,38
288003,1,Why is that soldier strapped to an explosive device?,38
288763,1,This is a businessGet the fuck outta here.,17
288860,0,Four kilosThat's whatTen yearsworthRussian sailorsMikey ForresterWhat the fuck are you on these daysYou've been to jailSpudso what's the deallike it so much you want to go back again?,17
288902,0,Is that a promisethen?,38
288949,1,I didn't eitherWhat the fuck is it?,17
290448,1,CEGoddamn itAlabamayou gotta get the fuck outta thereHow much longer before he's slappinyou aroundPunchinyou in the stomachHow the fuck did you get hooked up with a douche-bag like this in the first place?,17
290501,0,AYou betHow much is that worth?,38
290615,1,What the fuck are you talkinabout?,17
290659,1,Who the fuck are you?,17
290661,1,Where the fuck is that bitch?,17
290675,1,What the fuck did you bring that for.,17
290746,1,Get the fuck outta here!,17
290748,1,Get the fuck outta here!,17
290909,0,TIThat's of minor importanceBut what's of major fuckinimportance is that I believe youWhere did they go?,38
290969,1,SONHow the fuck could he know?,17
291688,0,Jakewhat is that?,38
291832,0,Is that what changed your mindThe money?,38
292541,1,What the fuck do you want?,17
292605,1,What the fuck did you do to my trunk?,17
292786,0,Is that what changed your mindThe money?,38
293146,1,Is that what you wanted to ask me?,38
293307,0,Is that right?,38
293778,0,IS THAT YOUKID?,38
294144,1,What'the fuck is that?,17
294425,0,NONWhat book is that?,38
294427,0,NONHow is that?,38
294520,0,Is that what a good doctor would doHow old are youplease?,38
294524,0,Why is that?,38
294672,0,Why is that?,38
294715,0,What is that to you...?,38
294748,0,...and is that serious?,38
294894,0,Sally Doneghynow who is that?,38
294896,0,now who is that ...?,38
294975,0,HuhAnd why is that?,38
295793,1,Well what the fuck are we supposed to do?,17
296197,1,What kind of stupid question is that?,38
296670,0,How much is that?,38
297625,0,NGWelllet's not be too surewhy is that?,38
297733,1,"Y'know what else bothers me""Shh lil babydonsaya wordpapa's gon buy you a mocking birdThe baby don'say a wordWHAT THE FUCK IS THE MOTHERFUCKING MOCKING BIRD GONE SAYYou follow me...?",17
297750,0,Just....do what I ...lookget me a ...helloHelI'm going to need an <u>ambulance</uwe take himthe last momentright from the Pl...no<u>we</ulandwe puttem <u>in</uthe ambulanceAir force jet landswe take somebody <u>else</uoff <u>that</ujet...what the fuck do <u>I</ucareSomebody in a Hospital gownAnd we need a ......helloHello...?,17
297876,1,How the fuck do <u>we</uknowYou take my point?,17
297877,0,Is that true?,38
299802,0,Is that what you were doing...?,38
299803,0,Is that a crack about our singing...?,38
300078,0,Ohhow inappropriate is that!,38
300889,0,Why is that?,38
301014,0,Is that Sam Lombardo?,38
301120,0,Is that what you thinkYou have friendsIs that what they told you?,38
301234,0,SGod in heavenwhat is that?!,38
301263,0,What is that?,38
301305,0,What way is that?,38
301623,0,TIGANWho is that girlanyway?,38
301810,1,Who is that horrible friend of yours?,38
302090,1,Johnnywhat the fuck?,17
302405,1,YWhat sort of an animal is that?,38
303473,1,What is that ungodly smell?,38
303520,0,Is that all?,38
303548,0,Is that a fact?,38
303553,0,SWhy is that?,38
303618,0,What game is that?,38
304057,0,Is that so?,38
304653,0,FORDMy only fear is that the Zulu will avoid the engagement,38